{"cameraMode":{"drawMode":0,"name":"Shaded","section":"Shading Mode"},"sceneLighting":true,"audioPlay":false,"sceneViewState":{"m_AlwaysRefresh":false,"showFog":true,"showSkybox":true,"showFlares":true,"showImageEffects":true,"showParticleSystems":true,"showVisualEffectGraphs":true,"m_FxEnabled":true},"in2DMode":false,"pivot":{"x":-0.00015163421630859375,"y":0.7701648473739624,"z":2.0318820476531984},"rotation":{"x":-0.15293137729167939,"y":0.845694363117218,"z":-0.3343564569950104,"w":-0.38683366775512698},"size":1.1275259256362916,"orthographic":false}