{"cameraMode":{"drawMode":0,"name":"Shaded","section":"Shading Mode"},"sceneLighting":true,"audioPlay":false,"sceneViewState":{"m_AlwaysRefresh":false,"showFog":true,"showSkybox":true,"showFlares":true,"showImageEffects":true,"showParticleSystems":true,"showVisualEffectGraphs":true,"m_FxEnabled":true},"in2DMode":false,"pivot":{"x":2.6887049674987795,"y":1.5557162761688233,"z":-24.475112915039064},"rotation":{"x":-0.33979377150535586,"y":0.38119378685951235,"z":-0.15309616923332215,"w":-0.846066415309906},"size":1.6086583137512208,"orthographic":false}