{"cameraMode":{"drawMode":0,"name":"Shaded","section":"Shading Mode"},"sceneLighting":true,"audioPlay":false,"sceneViewState":{"m_AlwaysRefresh":false,"showFog":true,"showSkybox":false,"showFlares":true,"showImageEffects":true,"showParticleSystems":true,"showVisualEffectGraphs":true,"m_FxEnabled":true},"in2DMode":false,"pivot":{"x":0.004756927490234375,"y":8.467432975769043,"z":0.7531604766845703},"rotation":{"x":-0.04332733154296875,"y":0.9178563952445984,"z":-0.10453548282384873,"w":-0.3804977834224701},"size":72.64209747314453,"orthographic":false}