{"cameraMode":{"drawMode":0,"name":"Shaded","section":"Shading Mode"},"sceneLighting":false,"audioPlay":false,"sceneViewState":{"m_AlwaysRefresh":false,"showFog":true,"showSkybox":false,"showFlares":true,"showImageEffects":true,"showParticleSystems":true,"showVisualEffectGraphs":true,"m_FxEnabled":true},"in2DMode":false,"pivot":{"x":290.201416015625,"y":213.94351196289063,"z":0.22767400741577149},"rotation":{"x":-0.1488223522901535,"y":0.01810438744723797,"z":-0.0027332205791026356,"w":-0.9887157082557678},"size":22.69118881225586,"orthographic":false}